Date,Site,Transect,Location,species
10.14.12,Cattle Tank South,NE,10,acaccons
10.14.12,Cattle Tank South,NE,20,dirt
10.14.12,Cattle Tank South,NE,30,dirt
10.14.12,Cattle Tank South,NE,40,dirt
10.14.12,Cattle Tank South,NE,50,dirt
10.14.12,Cattle Tank South,NE,60,dirt
10.14.12,Cattle Tank South,NE,70,dirt
10.14.12,Cattle Tank South,NE,80,dirt
10.14.12,Cattle Tank South,NE,90,dirt
10.14.12,Cattle Tank South,NE,100,dirt
10.14.12,Cattle Tank South,NE,110,dirt
10.14.12,Cattle Tank South,NE,120,dirt
10.14.12,Cattle Tank South,NE,130,dirt
10.14.12,Cattle Tank South,NE,140,dirt
10.14.12,Cattle Tank South,NE,150,dirt
10.14.12,Cattle Tank South,NE,160,dirt
10.14.12,Cattle Tank South,NE,170,dirt
10.14.12,Cattle Tank South,NE,180,dirt
10.14.12,Cattle Tank South,NE,190,dirt
10.14.12,Cattle Tank South,NE,200,dirt
10.14.12,Cattle Tank South,NE,210,dirt
10.14.12,Cattle Tank South,NE,220,dirt
10.14.12,Cattle Tank South,NE,230,dirt
10.14.12,Cattle Tank South,NE,240,dirt
10.14.12,Cattle Tank South,NE,250,dirt
10.14.12,Cattle Tank South,NE,260,dirt
10.14.12,Cattle Tank South,NE,270,dirt
10.14.12,Cattle Tank South,NE,280,dirt
10.14.12,Cattle Tank South,NE,290,dirt
10.14.12,Cattle Tank South,NE,300,dirt
10.14.12,Cattle Tank South,NE,310,dirt
10.14.12,Cattle Tank South,NE,320,dirt
10.14.12,Cattle Tank South,NE,330,dirt
10.14.12,Cattle Tank South,NE,340,dirt
10.14.12,Cattle Tank South,NE,350,dirt
10.14.12,Cattle Tank South,NE,360,dirt
10.14.12,Cattle Tank South,NE,370,dirt
10.14.12,Cattle Tank South,NE,380,dirt
10.14.12,Cattle Tank South,NE,390,dirt
10.14.12,Cattle Tank South,NE,400,dirt
10.14.12,Cattle Tank South,NE,410,dirt
10.14.12,Cattle Tank South,NE,420,dirt
10.14.12,Cattle Tank South,NE,430,dirt
10.14.12,Cattle Tank South,NE,440,dirt
10.14.12,Cattle Tank South,NE,450,dirt
10.14.12,Cattle Tank South,NE,460,dirt
10.14.12,Cattle Tank South,NE,470,dirt
10.14.12,Cattle Tank South,NE,480,dirt
10.14.12,Cattle Tank South,NE,490,dirt
10.14.12,Cattle Tank South,NE,500,dirt
10.14.12,Cattle Tank South,NE,510,dirt
10.14.12,Cattle Tank South,NE,520,dirt
10.14.12,Cattle Tank South,NE,530,dirt
10.14.12,Cattle Tank South,NE,540,dirt
10.14.12,Cattle Tank South,NE,550,dirt
10.14.12,Cattle Tank South,NE,560,dirt
10.14.12,Cattle Tank South,NE,570,dirt
10.14.12,Cattle Tank South,NE,580,dirt
10.14.12,Cattle Tank South,NE,590,dirt
10.14.12,Cattle Tank South,NE,600,dirt
10.14.12,Cattle Tank South,NE,610,dirt
10.14.12,Cattle Tank South,NE,620,dirt
10.14.12,Cattle Tank South,NE,630,acaccons
10.14.12,Cattle Tank South,NE,640,dirt
10.14.12,Cattle Tank South,NE,650,dirt
10.14.12,Cattle Tank South,NE,660,dirt
10.14.12,Cattle Tank South,NE,670,dirt
10.14.12,Cattle Tank South,NE,680,dirt
10.14.12,Cattle Tank South,NE,690,dirt
10.14.12,Cattle Tank South,NE,700,dirt
10.14.12,Cattle Tank South,NE,710,dirt
10.14.12,Cattle Tank South,NE,720,dirt
10.14.12,Cattle Tank South,NE,730,dirt
10.14.12,Cattle Tank South,NE,740,dirt
10.14.12,Cattle Tank South,NE,750,dirt
10.14.12,Cattle Tank South,NE,760,dirt
10.14.12,Cattle Tank South,NE,770,dirt
10.14.12,Cattle Tank South,NE,780,dirt
10.14.12,Cattle Tank South,NE,790,dirt
10.14.12,Cattle Tank South,NE,800,dirt
10.14.12,Cattle Tank South,NE,810,dirt
10.14.12,Cattle Tank South,NE,820,dirt
10.14.12,Cattle Tank South,NE,830,dirt
10.14.12,Cattle Tank South,NE,840,dirt
10.14.12,Cattle Tank South,NE,850,dirt
10.14.12,Cattle Tank South,NE,860,dirt
10.14.12,Cattle Tank South,NE,870,dirt
10.14.12,Cattle Tank South,NE,880,dirt
10.14.12,Cattle Tank South,NE,890,dirt
10.14.12,Cattle Tank South,NE,900,dirt
10.14.12,Cattle Tank South,NE,910,dirt
10.14.12,Cattle Tank South,NE,920,dirt
10.14.12,Cattle Tank South,NE,930,dirt
10.14.12,Cattle Tank South,NE,940,dirt
10.14.12,Cattle Tank South,NE,950,dirt
10.14.12,Cattle Tank South,NE,960,dirt
10.14.12,Cattle Tank South,NE,970,amarpalm
10.14.12,Cattle Tank South,NE,980,dirt
10.14.12,Cattle Tank South,NE,990,dirt
10.14.12,Cattle Tank South,NE,1000,amarpalm
10.14.12,Cattle Tank South,NE,1010,acaccons
10.14.12,Cattle Tank South,NE,1010,amarpalm
10.14.12,Cattle Tank South,NE,1020,acaccons
10.14.12,Cattle Tank South,NE,1030,acaccons
10.14.12,Cattle Tank South,NE,1040,acaccons
10.14.12,Cattle Tank South,NE,1040,amarpalm
10.14.12,Cattle Tank South,NE,1050,acaccons
10.14.12,Cattle Tank South,NE,1050,amarpalm
10.14.12,Cattle Tank South,NE,1060,acaccons
10.14.12,Cattle Tank South,NE,1070,acaccons
10.14.12,Cattle Tank South,NE,1080,acaccons
10.14.12,Cattle Tank South,NE,1090,acaccons
10.14.12,Cattle Tank South,NE,1090,prosglan
10.14.12,Cattle Tank South,NE,1100,acaccons
10.14.12,Cattle Tank South,NE,1110,acaccons
10.14.12,Cattle Tank South,NE,1110,amarpalm
10.14.12,Cattle Tank South,NE,1110,prosglan
10.14.12,Cattle Tank South,NE,1120,acaccons
10.14.12,Cattle Tank South,NE,1130,prosglan
10.14.12,Cattle Tank South,NE,1140,muhlport
10.14.12,Cattle Tank South,NE,1150,acacgreg
10.14.12,Cattle Tank South,NE,1160,muhlport
10.14.12,Cattle Tank South,NE,1170,muhlport
10.14.12,Cattle Tank South,NE,1170,prosglan
10.14.12,Cattle Tank South,NE,1180,muhlport
10.14.12,Cattle Tank South,NE,1180,prosglan
10.14.12,Cattle Tank South,NE,1190,prosglan
10.14.12,Cattle Tank South,NE,1200,prosglan
10.14.12,Cattle Tank South,NE,1210,prosglan
10.14.12,Cattle Tank South,NE,1220,prosglan
10.14.12,Cattle Tank South,NE,1230,prosglan
10.14.12,Cattle Tank South,NE,1240,prosglan
10.14.12,Cattle Tank South,NE,1250,prosglan
10.14.12,Cattle Tank South,NE,1260,prosglan
10.14.12,Cattle Tank South,NE,1270,eraglehm
10.14.12,Cattle Tank South,NE,1270,prosglan
10.14.12,Cattle Tank South,NE,1280,eraglehm
10.14.12,Cattle Tank South,NE,1290,prosglan
10.14.12,Cattle Tank South,NE,1300,prosglan
10.14.12,Cattle Tank South,NE,1310,prosglan
10.14.12,Cattle Tank South,NE,1320,prosglan
10.14.12,Cattle Tank South,NE,1330,prosglan
10.14.12,Cattle Tank South,NE,1340,prosglan
10.14.12,Cattle Tank South,NE,1350,prosglan
10.14.12,Cattle Tank South,NE,1360,prosglan
10.14.12,Cattle Tank South,NE,1370,prosglan
10.14.12,Cattle Tank South,NE,1380,prosglan
10.14.12,Cattle Tank South,NE,1390,prosglan
10.14.12,Cattle Tank South,NE,1400,acaccons
10.14.12,Cattle Tank South,NE,1400,prosglan
10.14.12,Cattle Tank South,NE,1410,acaccons
10.14.12,Cattle Tank South,NE,1410,prosglan
10.14.12,Cattle Tank South,NE,1420,acaccons
10.14.12,Cattle Tank South,NE,1420,eraglehm
10.14.12,Cattle Tank South,NE,1420,prosglan
10.14.12,Cattle Tank South,NE,1430,acaccons
10.14.12,Cattle Tank South,NE,1430,eraglehm
10.14.12,Cattle Tank South,NE,1430,prosglan
10.14.12,Cattle Tank South,NE,1440,acaccons
10.14.12,Cattle Tank South,NE,1440,eraglehm
10.14.12,Cattle Tank South,NE,1440,prosglan
10.14.12,Cattle Tank South,NE,1450,acaccons
10.14.12,Cattle Tank South,NE,1450,eraglehm
10.14.12,Cattle Tank South,NE,1450,prosglan
10.14.12,Cattle Tank South,NE,1460,acaccons
10.14.12,Cattle Tank South,NE,1460,prosglan
10.14.12,Cattle Tank South,NE,1470,acaccons
10.14.12,Cattle Tank South,NE,1470,prosglan
10.14.12,Cattle Tank South,NE,1480,acaccons
10.14.12,Cattle Tank South,NE,1480,amarpalm
10.14.12,Cattle Tank South,NE,1480,prosglan
10.14.12,Cattle Tank South,NE,1490,acaccons
10.14.12,Cattle Tank South,NE,1490,amarpalm
10.14.12,Cattle Tank South,NE,1500,acaccons
10.14.12,Cattle Tank South,NE,1500,amarpalm
10.14.12,Cattle Tank South,NE,1510,acaccons
10.14.12,Cattle Tank South,NE,1510,amarpalm
10.14.12,Cattle Tank South,NE,1520,dirt
10.14.12,Cattle Tank South,NE,1530,dirt
10.14.12,Cattle Tank South,NE,1540,dirt
10.14.12,Cattle Tank South,NE,1550,acaccons
10.14.12,Cattle Tank South,NE,1560,acaccons
10.14.12,Cattle Tank South,NE,1570,acaccons
10.14.12,Cattle Tank South,NE,1580,acaccons
10.14.12,Cattle Tank South,NE,1590,acaccons
10.14.12,Cattle Tank South,NE,1600,acaccons
10.14.12,Cattle Tank South,NE,1610,acaccons
10.14.12,Cattle Tank South,NE,1620,acaccons
10.14.12,Cattle Tank South,NE,1630,amarpalm
10.14.12,Cattle Tank South,NE,1640,dirt
10.14.12,Cattle Tank South,NE,1650,dirt
10.14.12,Cattle Tank South,NE,1660,dirt
10.14.12,Cattle Tank South,NE,1670,dirt
10.14.12,Cattle Tank South,NE,1680,dirt
10.14.12,Cattle Tank South,NE,1690,dirt
10.14.12,Cattle Tank South,NE,1700,dirt
10.14.12,Cattle Tank South,NE,1710,dirt
10.14.12,Cattle Tank South,NE,1720,dirt
10.14.12,Cattle Tank South,NE,1730,dirt
10.14.12,Cattle Tank South,NE,1740,dirt
10.14.12,Cattle Tank South,NE,1750,amarpalm
10.14.12,Cattle Tank South,NE,1760,dirt
10.14.12,Cattle Tank South,NE,1770,dirt
10.14.12,Cattle Tank South,NE,1780,acaccons
10.14.12,Cattle Tank South,NE,1790,acaccons
10.14.12,Cattle Tank South,NE,1800,acaccons
10.14.12,Cattle Tank South,NE,1800,amarpalm
10.14.12,Cattle Tank South,NE,1810,acaccons
10.14.12,Cattle Tank South,NE,1810,amarpalm
10.14.12,Cattle Tank South,NE,1820,dirt
10.14.12,Cattle Tank South,NE,1830,dirt
10.14.12,Cattle Tank South,NE,1840,dirt
10.14.12,Cattle Tank South,NE,1850,dirt
10.14.12,Cattle Tank South,NE,1860,amarpalm
10.14.12,Cattle Tank South,NE,1870,eraglehm
10.14.12,Cattle Tank South,NE,1880,eraglehm
10.14.12,Cattle Tank South,NE,1890,eraglehm
10.14.12,Cattle Tank South,NE,1900,eraglehm
10.14.12,Cattle Tank South,NE,1910,eraglehm
10.14.12,Cattle Tank South,NE,1920,eraglehm
10.14.12,Cattle Tank South,NE,1930,eraglehm
10.14.12,Cattle Tank South,NE,1940,eraglehm
10.14.12,Cattle Tank South,NE,1950,eraglehm
10.14.12,Cattle Tank South,NE,1960,eraglehm
10.14.12,Cattle Tank South,NE,1970,eraglehm
10.14.12,Cattle Tank South,NE,1980,eraglehm
10.14.12,Cattle Tank South,NE,1990,dirt
10.14.12,Cattle Tank South,NE,2000,dirt
10.14.12,Cattle Tank South,NE,2010,dirt
10.14.12,Cattle Tank South,NE,2020,dirt
10.14.12,Cattle Tank South,NE,2030,dirt
10.14.12,Cattle Tank South,NE,2040,rock
10.14.12,Cattle Tank South,NE,2050,dirt
10.14.12,Cattle Tank South,NE,2060,dirt
10.14.12,Cattle Tank South,NE,2070,dirt
10.14.12,Cattle Tank South,NE,2080,rock
10.14.12,Cattle Tank South,NE,2090,rock
10.14.12,Cattle Tank South,NE,2100,dirt
10.14.12,Cattle Tank South,NE,2110,dirt
10.14.12,Cattle Tank South,NE,2120,dirt
10.14.12,Cattle Tank South,NE,2130,dirt
10.14.12,Cattle Tank South,NE,2140,amarpalm
10.14.12,Cattle Tank South,NE,2150,amarpalm
10.14.12,Cattle Tank South,NE,2160,amarpalm
10.14.12,Cattle Tank South,NE,2170,sidaproc
10.14.12,Cattle Tank South,NE,2180,sidaproc
10.14.12,Cattle Tank South,NE,2190,sidaproc
10.14.12,Cattle Tank South,NE,2200,amarpalm
10.14.12,Cattle Tank South,NE,2210,dirt
10.14.12,Cattle Tank South,NE,2220,dirt
10.14.12,Cattle Tank South,NE,2230,dirt
10.14.12,Cattle Tank South,NE,2240,dirt
10.14.12,Cattle Tank South,NE,2250,dirt
10.14.12,Cattle Tank South,NE,2260,acaccons
10.14.12,Cattle Tank South,NE,2270,acaccons
10.14.12,Cattle Tank South,NE,2270,amarpalm
10.14.12,Cattle Tank South,NE,2280,acaccons
10.14.12,Cattle Tank South,NE,2290,acaccons
10.14.12,Cattle Tank South,NE,2300,acaccons
10.14.12,Cattle Tank South,NE,2310,acaccons
10.14.12,Cattle Tank South,NE,2320,acaccons
10.14.12,Cattle Tank South,NE,2330,acaccons
10.14.12,Cattle Tank South,NE,2340,acaccons
10.14.12,Cattle Tank South,NE,2340,setamacr
10.14.12,Cattle Tank South,NE,2350,acaccons
10.14.12,Cattle Tank South,NE,2360,acaccons
10.14.12,Cattle Tank South,NE,2370,acaccons
10.14.12,Cattle Tank South,NE,2380,acaccons
10.14.12,Cattle Tank South,NE,2380,gutisaro
10.14.12,Cattle Tank South,NE,2390,gutisaro
10.14.12,Cattle Tank South,NE,2400,gutisaro
10.14.12,Cattle Tank South,NE,2410,dirt
10.14.12,Cattle Tank South,NE,2420,dirt
10.14.12,Cattle Tank South,NE,2430,dirt
10.14.12,Cattle Tank South,NE,2440,prosglan
10.14.12,Cattle Tank South,NE,2450,prosglan
10.14.12,Cattle Tank South,NE,2460,amarpalm
10.14.12,Cattle Tank South,NE,2460,prosglan
10.14.12,Cattle Tank South,NE,2470,chlovirg
10.14.12,Cattle Tank South,NE,2470,prosglan
10.14.12,Cattle Tank South,NE,2480,chlovirg
10.14.12,Cattle Tank South,NE,2480,prosglan
10.14.12,Cattle Tank South,NE,2490,chlovirg
10.14.12,Cattle Tank South,NE,2490,prosglan
10.14.12,Cattle Tank South,NE,2500,chlovirg
10.14.12,Cattle Tank South,NE,2500,prosglan
10.14.12,Cattle Tank South,NW,10,boerinte
10.14.12,Cattle Tank South,NW,20,dirt
10.14.12,Cattle Tank South,NW,30,dirt
10.14.12,Cattle Tank South,NW,40,dirt
10.14.12,Cattle Tank South,NW,50,dirt
10.14.12,Cattle Tank South,NW,60,boertorr
10.14.12,Cattle Tank South,NW,70,boertorr
10.14.12,Cattle Tank South,NW,80,boertorr
10.14.12,Cattle Tank South,NW,90,boertorr
10.14.12,Cattle Tank South,NW,100,boertorr
10.14.12,Cattle Tank South,NW,110,dirt
10.14.12,Cattle Tank South,NW,120,dirt
10.14.12,Cattle Tank South,NW,130,dirt
10.14.12,Cattle Tank South,NW,140,dirt
10.14.12,Cattle Tank South,NW,150,dirt
10.14.12,Cattle Tank South,NW,160,dirt
10.14.12,Cattle Tank South,NW,170,dirt
10.14.12,Cattle Tank South,NW,180,dirt
10.14.12,Cattle Tank South,NW,190,boertorr
10.14.12,Cattle Tank South,NW,200,dirt
10.14.12,Cattle Tank South,NW,210,amarpalm
10.14.12,Cattle Tank South,NW,220,dirt
10.14.12,Cattle Tank South,NW,230,amarpalm
10.14.12,Cattle Tank South,NW,240,boertorr
10.14.12,Cattle Tank South,NW,250,dirt
10.14.12,Cattle Tank South,NW,260,boertorr
10.14.12,Cattle Tank South,NW,270,dirt
10.14.12,Cattle Tank South,NW,280,dirt
10.14.12,Cattle Tank South,NW,290,dirt
10.14.12,Cattle Tank South,NW,300,dirt
10.14.12,Cattle Tank South,NW,310,dirt
10.14.12,Cattle Tank South,NW,320,dirt
10.14.12,Cattle Tank South,NW,330,amarpalm
10.14.12,Cattle Tank South,NW,340,amarpalm
10.14.12,Cattle Tank South,NW,350,boertorr
10.14.12,Cattle Tank South,NW,360,dirt
10.14.12,Cattle Tank South,NW,370,amarpalm
10.14.12,Cattle Tank South,NW,380,dirt
10.14.12,Cattle Tank South,NW,390,dirt
10.14.12,Cattle Tank South,NW,400,boertorr
10.14.12,Cattle Tank South,NW,410,amarpalm
10.14.12,Cattle Tank South,NW,410,boertorr
10.14.12,Cattle Tank South,NW,420,amarpalm
10.14.12,Cattle Tank South,NW,430,dirt
10.14.12,Cattle Tank South,NW,440,amarpalm
10.14.12,Cattle Tank South,NW,450,amarpalm
10.14.12,Cattle Tank South,NW,460,dirt
10.14.12,Cattle Tank South,NW,470,amarpalm
10.14.12,Cattle Tank South,NW,480,amarpalm
10.14.12,Cattle Tank South,NW,490,dirt
10.14.12,Cattle Tank South,NW,500,amarpalm
10.14.12,Cattle Tank South,NW,510,amarpalm
10.14.12,Cattle Tank South,NW,520,amarpalm
10.14.12,Cattle Tank South,NW,530,amarpalm
10.14.12,Cattle Tank South,NW,540,dirt
10.14.12,Cattle Tank South,NW,550,dirt
10.14.12,Cattle Tank South,NW,560,amarpalm
10.14.12,Cattle Tank South,NW,570,amarpalm
10.14.12,Cattle Tank South,NW,580,amarpalm
10.14.12,Cattle Tank South,NW,590,amarpalm
10.14.12,Cattle Tank South,NW,600,amarpalm
10.14.12,Cattle Tank South,NW,610,amarpalm
10.14.12,Cattle Tank South,NW,620,amarpalm
10.14.12,Cattle Tank South,NW,630,amarpalm
10.14.12,Cattle Tank South,NW,640,amarpalm
10.14.12,Cattle Tank South,NW,650,amarpalm
10.14.12,Cattle Tank South,NW,660,amarpalm
10.14.12,Cattle Tank South,NW,660,sidaproc
10.14.12,Cattle Tank South,NW,670,sidaproc
10.14.12,Cattle Tank South,NW,680,sidaproc
10.14.12,Cattle Tank South,NW,690,dirt
10.14.12,Cattle Tank South,NW,700,dirt
10.14.12,Cattle Tank South,NW,710,sidaproc
10.14.12,Cattle Tank South,NW,720,amarpalm
10.14.12,Cattle Tank South,NW,720,amarpalm
10.14.12,Cattle Tank South,NW,730,dirt
10.14.12,Cattle Tank South,NW,740,sidaproc
10.14.12,Cattle Tank South,NW,750,sidaproc
10.14.12,Cattle Tank South,NW,760,amarpalm
10.14.12,Cattle Tank South,NW,760,sidaproc
10.14.12,Cattle Tank South,NW,770,dirt
10.14.12,Cattle Tank South,NW,780,acacgreg
10.14.12,Cattle Tank South,NW,780,amarpalm
10.14.12,Cattle Tank South,NW,790,amarpalm
10.14.12,Cattle Tank South,NW,790,solaelea
10.14.12,Cattle Tank South,NW,800,chlovirg
10.14.12,Cattle Tank South,NW,800,sidaproc
10.14.12,Cattle Tank South,NW,810,acacgreg
10.14.12,Cattle Tank South,NW,810,amarpalm
10.14.12,Cattle Tank South,NW,810,sidaproc
10.14.12,Cattle Tank South,NW,820,acacgreg
10.14.12,Cattle Tank South,NW,820,amarpalm
10.14.12,Cattle Tank South,NW,820,sidaproc
10.14.12,Cattle Tank South,NW,830,acacgreg
10.14.12,Cattle Tank South,NW,830,sidaproc
10.14.12,Cattle Tank South,NW,840,acacgreg
10.14.12,Cattle Tank South,NW,840,sidaproc
10.14.12,Cattle Tank South,NW,850,chlovirg
10.14.12,Cattle Tank South,NW,850,sidaproc
10.14.12,Cattle Tank South,NW,860,setamacr
10.14.12,Cattle Tank South,NW,860,sidaproc
10.14.12,Cattle Tank South,NW,870,setamacr
10.14.12,Cattle Tank South,NW,880,dirt
10.14.12,Cattle Tank South,NW,890,setamacr
10.14.12,Cattle Tank South,NW,900,setamacr
10.14.12,Cattle Tank South,NW,910,muhlport
10.14.12,Cattle Tank South,NW,910,setamacr
10.14.12,Cattle Tank South,NW,920,setamacr
10.14.12,Cattle Tank South,NW,930,ephetrif
10.14.12,Cattle Tank South,NW,930,solaelea
10.14.12,Cattle Tank South,NW,940,ephetrif
10.14.12,Cattle Tank South,NW,950,ephetrif
10.14.12,Cattle Tank South,NW,960,setamacr
10.14.12,Cattle Tank South,NW,960,solaelea
10.14.12,Cattle Tank South,NW,970,setamacr
10.14.12,Cattle Tank South,NW,970,solaelea
10.14.12,Cattle Tank South,NW,980,ephetrif
10.14.12,Cattle Tank South,NW,980,setamacr
10.14.12,Cattle Tank South,NW,990,dirt
10.14.12,Cattle Tank South,NW,1000,dirt
10.14.12,Cattle Tank South,NW,1010,sarahsgrass
10.14.12,Cattle Tank South,NW,1020,sarahsgrass
10.14.12,Cattle Tank South,NW,1020,solaelea
10.14.12,Cattle Tank South,NW,1030,sarahsgrass
10.14.12,Cattle Tank South,NW,1030,solaelea
10.14.12,Cattle Tank South,NW,1040,eraginte
10.14.12,Cattle Tank South,NW,1050,eraginte
10.14.12,Cattle Tank South,NW,1050,sarahsgrass
10.14.12,Cattle Tank South,NW,1060,eraginte
10.14.12,Cattle Tank South,NW,1060,sarahsgrass
10.14.12,Cattle Tank South,NW,1070,sarahsgrass
10.14.12,Cattle Tank South,NW,1080,sarahsgrass
10.14.12,Cattle Tank South,NW,1090,sarahsgrass
10.14.12,Cattle Tank South,NW,1100,sarahsgrass
10.14.12,Cattle Tank South,NW,1110,sarahsgrass
10.14.12,Cattle Tank South,NW,1110,solaelea
10.14.12,Cattle Tank South,NW,1120,sarahsgrass
10.14.12,Cattle Tank South,NW,1130,sarahsgrass
10.14.12,Cattle Tank South,NW,1140,sarahsgrass
10.14.12,Cattle Tank South,NW,1150,sarahsgrass
10.14.12,Cattle Tank South,NW,1160,sarahsgrass
10.14.12,Cattle Tank South,NW,1170,sarahsgrass
10.14.12,Cattle Tank South,NW,1180,sarahsgrass
10.14.12,Cattle Tank South,NW,1190,sarahsgrass
10.14.12,Cattle Tank South,NW,1200,sarahsgrass
10.14.12,Cattle Tank South,NW,1210,sarahsgrass
10.14.12,Cattle Tank South,NW,1220,sarahsgrass
10.14.12,Cattle Tank South,NW,1230,sarahsgrass
10.14.12,Cattle Tank South,NW,1240,sarahsgrass
10.14.12,Cattle Tank South,NW,1250,sarahsgrass
10.14.12,Cattle Tank South,NW,1260,sarahsgrass
10.14.12,Cattle Tank South,NW,1270,sarahsgrass
10.14.12,Cattle Tank South,NW,1280,sarahsgrass
10.14.12,Cattle Tank South,NW,1290,sarahsgrass
10.14.12,Cattle Tank South,NW,1300,sarahsgrass
10.14.12,Cattle Tank South,NW,1310,sarahsgrass
10.14.12,Cattle Tank South,NW,1320,sarahsgrass
10.14.12,Cattle Tank South,NW,1330,sarahsgrass
10.14.12,Cattle Tank South,NW,1340,sarahsgrass
10.14.12,Cattle Tank South,NW,1350,sarahsgrass
10.14.12,Cattle Tank South,NW,1360,sarahsgrass
10.14.12,Cattle Tank South,NW,1370,sarahsgrass
10.14.12,Cattle Tank South,NW,1380,sarahsgrass
10.14.12,Cattle Tank South,NW,1390,sarahsgrass
10.14.12,Cattle Tank South,NW,1400,sarahsgrass
10.14.12,Cattle Tank South,NW,1410,sarahsgrass
10.14.12,Cattle Tank South,NW,1420,sarahsgrass
10.14.12,Cattle Tank South,NW,1430,sarahsgrass
10.14.12,Cattle Tank South,NW,1440,sarahsgrass
10.14.12,Cattle Tank South,NW,1450,sarahsgrass
10.14.12,Cattle Tank South,NW,1460,sarahsgrass
10.14.12,Cattle Tank South,NW,1470,sarahsgrass
10.14.12,Cattle Tank South,NW,1480,sarahsgrass
10.14.12,Cattle Tank South,NW,1490,sarahsgrass
10.14.12,Cattle Tank South,NW,1500,sarahsgrass
10.14.12,Cattle Tank South,NW,1510,sarahsgrass
10.14.12,Cattle Tank South,NW,1520,sarahsgrass
10.14.12,Cattle Tank South,NW,1530,sarahsgrass
10.14.12,Cattle Tank South,NW,1540,sarahsgrass
10.14.12,Cattle Tank South,NW,1550,sarahsgrass
10.14.12,Cattle Tank South,NW,1560,sarahsgrass
10.14.12,Cattle Tank South,NW,1570,sarahsgrass
10.14.12,Cattle Tank South,NW,1580,sarahsgrass
10.14.12,Cattle Tank South,NW,1590,sarahsgrass
10.14.12,Cattle Tank South,NW,1600,sarahsgrass
10.14.12,Cattle Tank South,NW,1610,sarahsgrass
10.14.12,Cattle Tank South,NW,1620,sarahsgrass
10.14.12,Cattle Tank South,NW,1630,sarahsgrass
10.14.12,Cattle Tank South,NW,1640,sarahsgrass
10.14.12,Cattle Tank South,NW,1650,sarahsgrass
10.14.12,Cattle Tank South,NW,1660,sarahsgrass
10.14.12,Cattle Tank South,NW,1670,sarahsgrass
10.14.12,Cattle Tank South,NW,1680,sarahsgrass
10.14.12,Cattle Tank South,NW,1690,sarahsgrass
10.14.12,Cattle Tank South,NW,1700,sarahsgrass
10.14.12,Cattle Tank South,NW,1710,sarahsgrass
10.14.12,Cattle Tank South,NW,1720,sarahsgrass
10.14.12,Cattle Tank South,NW,1730,sarahsgrass
10.14.12,Cattle Tank South,NW,1740,sarahsgrass
10.14.12,Cattle Tank South,NW,1750,sarahsgrass
10.14.12,Cattle Tank South,NW,1760,sarahsgrass
10.14.12,Cattle Tank South,NW,1770,sarahsgrass
10.14.12,Cattle Tank South,NW,1780,sarahsgrass
10.14.12,Cattle Tank South,NW,1790,sarahsgrass
10.14.12,Cattle Tank South,NW,1800,sarahsgrass
10.14.12,Cattle Tank South,NW,1810,sarahsgrass
10.14.12,Cattle Tank South,NW,1820,sarahsgrass
10.14.12,Cattle Tank South,NW,1830,sarahsgrass
10.14.12,Cattle Tank South,NW,1840,sarahsgrass
10.14.12,Cattle Tank South,NW,1850,sarahsgrass
10.14.12,Cattle Tank South,NW,1860,sarahsgrass
10.14.12,Cattle Tank South,NW,1870,sarahsgrass
10.14.12,Cattle Tank South,NW,1880,sarahsgrass
10.14.12,Cattle Tank South,NW,1890,sarahsgrass
10.14.12,Cattle Tank South,NW,1900,eraginte
10.14.12,Cattle Tank South,NW,1900,sarahsgrass
10.14.12,Cattle Tank South,NW,1910,eraginte
10.14.12,Cattle Tank South,NW,1910,sarahsgrass
10.14.12,Cattle Tank South,NW,1920,eraginte
10.14.12,Cattle Tank South,NW,1920,sarahsgrass
10.14.12,Cattle Tank South,NW,1930,eraginte
10.14.12,Cattle Tank South,NW,1930,sarahsgrass
10.14.12,Cattle Tank South,NW,1940,sarahsgrass
10.14.12,Cattle Tank South,NW,1950,chlovirg
10.14.12,Cattle Tank South,NW,1950,sarahsgrass
10.14.12,Cattle Tank South,NW,1960,chlovirg
10.14.12,Cattle Tank South,NW,1960,sarahsgrass
10.14.12,Cattle Tank South,NW,1970,sarahsgrass
10.14.12,Cattle Tank South,NW,1980,eraginte
10.14.12,Cattle Tank South,NW,1980,sarahsgrass
10.14.12,Cattle Tank South,NW,1990,chlovirg
10.14.12,Cattle Tank South,NW,1990,sarahsgrass
10.14.12,Cattle Tank South,NW,2000,eraginte
10.14.12,Cattle Tank South,NW,2000,sarahsgrass
10.14.12,Cattle Tank South,NW,2010,eraglehm
10.14.12,Cattle Tank South,NW,2010,sarahsgrass
10.14.12,Cattle Tank South,NW,2020,chlovirg
10.14.12,Cattle Tank South,NW,2020,eraglehm
10.14.12,Cattle Tank South,NW,2020,sarahsgrass
10.14.12,Cattle Tank South,NW,2030,eraginte
10.14.12,Cattle Tank South,NW,2030,sarahsgrass
10.14.12,Cattle Tank South,NW,2040,eraglehm
10.14.12,Cattle Tank South,NW,2040,sarahsgrass
10.14.12,Cattle Tank South,NW,2050,chlovirg
10.14.12,Cattle Tank South,NW,2050,eraglehm
10.14.12,Cattle Tank South,NW,2050,sarahsgrass
10.14.12,Cattle Tank South,NW,2060,sarahsgrass
10.14.12,Cattle Tank South,NW,2070,eraglehm
10.14.12,Cattle Tank South,NW,2070,sarahsgrass
10.14.12,Cattle Tank South,NW,2080,sarahsgrass
10.14.12,Cattle Tank South,NW,2090,sarahsgrass
10.14.12,Cattle Tank South,NW,2100,sarahsgrass
10.14.12,Cattle Tank South,NW,2110,eraglehm
10.14.12,Cattle Tank South,NW,2110,sarahsgrass
10.14.12,Cattle Tank South,NW,2120,eraglehm
10.14.12,Cattle Tank South,NW,2130,eraglehm
10.14.12,Cattle Tank South,NW,2130,sarahsgrass
10.14.12,Cattle Tank South,NW,2140,amaracan
10.14.12,Cattle Tank South,NW,2140,eraglehm
10.14.12,Cattle Tank South,NW,2150,amaracan
10.14.12,Cattle Tank South,NW,2150,eraglehm
10.14.12,Cattle Tank South,NW,2150,sarahsgrass
10.14.12,Cattle Tank South,NW,2160,eraglehm
10.14.12,Cattle Tank South,NW,2160,sarahsgrass
10.14.12,Cattle Tank South,NW,2170,eraglehm
10.14.12,Cattle Tank South,NW,2170,sarahsgrass
10.14.12,Cattle Tank South,NW,2180,eraglehm
10.14.12,Cattle Tank South,NW,2180,sarahsgrass
10.14.12,Cattle Tank South,NW,2190,eraglehm
10.14.12,Cattle Tank South,NW,2200,eraginte
10.14.12,Cattle Tank South,NW,2200,sarahsgrass
10.14.12,Cattle Tank South,NW,2210,eraginte
10.14.12,Cattle Tank South,NW,2220,eraglehm
10.14.12,Cattle Tank South,NW,2220,grassunkn
10.14.12,Cattle Tank South,NW,2230,eraglehm
10.14.12,Cattle Tank South,NW,2240,eraginte
10.14.12,Cattle Tank South,NW,2240,sarahsgrass
10.14.12,Cattle Tank South,NW,2250,eraglehm
10.14.12,Cattle Tank South,NW,2250,sarahsgrass
10.14.12,Cattle Tank South,NW,2260,dirt
10.14.12,Cattle Tank South,NW,2270,eragarid
10.14.12,Cattle Tank South,NW,2280,eraginte
10.14.12,Cattle Tank South,NW,2290,chlovirg
10.14.12,Cattle Tank South,NW,2290,eraginte
10.14.12,Cattle Tank South,NW,2300,eraginte
10.14.12,Cattle Tank South,NW,2310,eragarid
10.14.12,Cattle Tank South,NW,2310,sarahsgrass
10.14.12,Cattle Tank South,NW,2320,eragarid
10.14.12,Cattle Tank South,NW,2330,eragarid
10.14.12,Cattle Tank South,NW,2340,eraglehm
10.14.12,Cattle Tank South,NW,2340,eragspp
10.14.12,Cattle Tank South,NW,2350,eraglehm
10.14.12,Cattle Tank South,NW,2360,eraglehm
10.14.12,Cattle Tank South,NW,2370,eraglehm
10.14.12,Cattle Tank South,NW,2380,redunk
10.14.12,Cattle Tank South,NW,2390,redunk
10.14.12,Cattle Tank South,NW,2400,eraglehm
10.14.12,Cattle Tank South,NW,2410,eraginte
10.14.12,Cattle Tank South,NW,2410,eraglehm
10.14.12,Cattle Tank South,NW,2420,eraginte
10.14.12,Cattle Tank South,NW,2430,eragarid
10.14.12,Cattle Tank South,NW,2440,eragarid
10.14.12,Cattle Tank South,NW,2450,eragarid
10.14.12,Cattle Tank South,NW,2460,eraginte
10.14.12,Cattle Tank South,NW,2470,eragarid
10.14.12,Cattle Tank South,NW,2470,eraglehm
10.14.12,Cattle Tank South,NW,2480,eragarid
10.14.12,Cattle Tank South,NW,2490,eraginte
10.14.12,Cattle Tank South,NW,2490,eraglehm
10.14.12,Cattle Tank South,NW,2500,eraginte
10.14.12,Cattle Tank South,SE,10,amarpalm
10.14.12,Cattle Tank South,SE,20,dirt
10.14.12,Cattle Tank South,SE,30,dirt
10.14.12,Cattle Tank South,SE,40,amarpalm
10.14.12,Cattle Tank South,SE,50,amarpalm
10.14.12,Cattle Tank South,SE,60,amarpalm
10.14.12,Cattle Tank South,SE,70,dirt
10.14.12,Cattle Tank South,SE,80,dirt
10.14.12,Cattle Tank South,SE,90,amarpalm
10.14.12,Cattle Tank South,SE,100,amarpalm
10.14.12,Cattle Tank South,SE,110,dirt
10.14.12,Cattle Tank South,SE,120,amarpalm
10.14.12,Cattle Tank South,SE,130,amarpalm
10.14.12,Cattle Tank South,SE,140,amarpalm
10.14.12,Cattle Tank South,SE,150,dirt
10.14.12,Cattle Tank South,SE,160,amarpalm
10.14.12,Cattle Tank South,SE,170,amarpalm
10.14.12,Cattle Tank South,SE,180,dirt
10.14.12,Cattle Tank South,SE,190,dirt
10.14.12,Cattle Tank South,SE,200,dirt
10.14.12,Cattle Tank South,SE,210,dirt
10.14.12,Cattle Tank South,SE,220,dirt
10.14.12,Cattle Tank South,SE,230,amarpalm
10.14.12,Cattle Tank South,SE,230,ephetrif
10.14.12,Cattle Tank South,SE,240,amarpalm
10.14.12,Cattle Tank South,SE,250,dirt
10.14.12,Cattle Tank South,SE,260,dirt
10.14.12,Cattle Tank South,SE,270,dirt
10.14.12,Cattle Tank South,SE,280,ephetrif
10.14.12,Cattle Tank South,SE,290,ephetrif
10.14.12,Cattle Tank South,SE,300,ephetrif
10.14.12,Cattle Tank South,SE,310,dirt
10.14.12,Cattle Tank South,SE,320,dirt
10.14.12,Cattle Tank South,SE,330,dirt
10.14.12,Cattle Tank South,SE,340,dirt
10.14.12,Cattle Tank South,SE,350,amarpalm
10.14.12,Cattle Tank South,SE,350,ephetrif
10.14.12,Cattle Tank South,SE,360,ephetrif
10.14.12,Cattle Tank South,SE,370,amarpalm
10.14.12,Cattle Tank South,SE,370,ephetrif
10.14.12,Cattle Tank South,SE,380,amarpalm
10.14.12,Cattle Tank South,SE,380,ephetrif
10.14.12,Cattle Tank South,SE,390,dirt
10.14.12,Cattle Tank South,SE,400,dirt
10.14.12,Cattle Tank South,SE,410,dirt
10.14.12,Cattle Tank South,SE,420,dirt
10.14.12,Cattle Tank South,SE,430,dirt
10.14.12,Cattle Tank South,SE,440,dirt
10.14.12,Cattle Tank South,SE,450,dirt
10.14.12,Cattle Tank South,SE,460,dirt
10.14.12,Cattle Tank South,SE,470,boertorr
10.14.12,Cattle Tank South,SE,480,boertorr
10.14.12,Cattle Tank South,SE,490,boertorr
10.14.12,Cattle Tank South,SE,500,dirt
10.14.12,Cattle Tank South,SE,510,ephetrif
10.14.12,Cattle Tank South,SE,520,ephetrif
10.14.12,Cattle Tank South,SE,530,ephetrif
10.14.12,Cattle Tank South,SE,540,ephetrif
10.14.12,Cattle Tank South,SE,550,ephetrif
10.14.12,Cattle Tank South,SE,560,ephetrif
10.14.12,Cattle Tank South,SE,570,ephetrif
10.14.12,Cattle Tank South,SE,580,dirt
10.14.12,Cattle Tank South,SE,590,acaccons
10.14.12,Cattle Tank South,SE,600,acaccons
10.14.12,Cattle Tank South,SE,610,dirt
10.14.12,Cattle Tank South,SE,620,dirt
10.14.12,Cattle Tank South,SE,630,acaccons
10.14.12,Cattle Tank South,SE,630,amarpalm
10.14.12,Cattle Tank South,SE,640,dirt
10.14.12,Cattle Tank South,SE,650,amarpalm
10.14.12,Cattle Tank South,SE,660,dirt
10.14.12,Cattle Tank South,SE,670,muhlport
10.14.12,Cattle Tank South,SE,680,amarpalm
10.14.12,Cattle Tank South,SE,680,muhlport
10.14.12,Cattle Tank South,SE,690,muhlport
10.14.12,Cattle Tank South,SE,690,solaelea
10.14.12,Cattle Tank South,SE,700,solaelea
10.14.12,Cattle Tank South,SE,710,ephetrif
10.14.12,Cattle Tank South,SE,710,muhlport
10.14.12,Cattle Tank South,SE,720,amarpalm
10.14.12,Cattle Tank South,SE,730,amarpalm
10.14.12,Cattle Tank South,SE,730,muhlport
10.14.12,Cattle Tank South,SE,740,dirt
10.14.12,Cattle Tank South,SE,750,dirt
10.14.12,Cattle Tank South,SE,760,dirt
10.14.12,Cattle Tank South,SE,770,amarpalm
10.14.12,Cattle Tank South,SE,780,dirt
10.14.12,Cattle Tank South,SE,790,amarpalm
10.14.12,Cattle Tank South,SE,790,boertorr
10.14.12,Cattle Tank South,SE,800,amarpalm
10.14.12,Cattle Tank South,SE,810,dirt
10.14.12,Cattle Tank South,SE,820,dirt
10.14.12,Cattle Tank South,SE,830,dirt
10.14.12,Cattle Tank South,SE,840,dirt
10.14.12,Cattle Tank South,SE,850,ephetrif
10.14.12,Cattle Tank South,SE,860,ephetrif
10.14.12,Cattle Tank South,SE,870,ephetrif
10.14.12,Cattle Tank South,SE,880,ephetrif
10.14.12,Cattle Tank South,SE,890,ephetrif
10.14.12,Cattle Tank South,SE,890,muhlport
10.14.12,Cattle Tank South,SE,900,ephetrif
10.14.12,Cattle Tank South,SE,910,amarpalm
10.14.12,Cattle Tank South,SE,920,acaccons
10.14.12,Cattle Tank South,SE,930,acaccons
10.14.12,Cattle Tank South,SE,930,amarpalm
10.14.12,Cattle Tank South,SE,940,amarpalm
10.14.12,Cattle Tank South,SE,950,ephetrif
10.14.12,Cattle Tank South,SE,960,amarpalm
10.14.12,Cattle Tank South,SE,970,amarpalm
10.14.12,Cattle Tank South,SE,980,amarpalm
10.14.12,Cattle Tank South,SE,990,amarpalm
10.14.12,Cattle Tank South,SE,1000,amarpalm
10.14.12,Cattle Tank South,SE,1010,amarpalm
10.14.12,Cattle Tank South,SE,1020,dirt
10.14.12,Cattle Tank South,SE,1030,dirt
10.14.12,Cattle Tank South,SE,1040,dirt
10.14.12,Cattle Tank South,SE,1050,dirt
10.14.12,Cattle Tank South,SE,1060,dirt
10.14.12,Cattle Tank South,SE,1070,amarpalm
10.14.12,Cattle Tank South,SE,1080,muhlport
10.14.12,Cattle Tank South,SE,1090,muhlport
10.14.12,Cattle Tank South,SE,1100,muhlport
10.14.12,Cattle Tank South,SE,1110,muhlport
10.14.12,Cattle Tank South,SE,1120,muhlport
10.14.12,Cattle Tank South,SE,1130,muhlport
10.14.12,Cattle Tank South,SE,1140,muhlport
10.14.12,Cattle Tank South,SE,1150,muhlport
10.14.12,Cattle Tank South,SE,1160,muhlport
10.14.12,Cattle Tank South,SE,1170,muhlport
10.14.12,Cattle Tank South,SE,1170,solaelea
10.14.12,Cattle Tank South,SE,1180,muhlport
10.14.12,Cattle Tank South,SE,1190,muhlport
10.14.12,Cattle Tank South,SE,1200,acaccons
10.14.12,Cattle Tank South,SE,1210,acaccons
10.14.12,Cattle Tank South,SE,1220,acaccons
10.14.12,Cattle Tank South,SE,1230,rock
10.14.12,Cattle Tank South,SE,1240,dirt
10.14.12,Cattle Tank South,SE,1250,rock
10.14.12,Cattle Tank South,SE,1260,dirt
10.14.12,Cattle Tank South,SE,1270,dirt
10.14.12,Cattle Tank South,SE,1280,dirt
10.14.12,Cattle Tank South,SE,1290,dirt
10.14.12,Cattle Tank South,SE,1300,dirt
10.14.12,Cattle Tank South,SE,1310,acaccons
10.14.12,Cattle Tank South,SE,1310,amarpalm
10.14.12,Cattle Tank South,SE,1320,amarpalm
10.14.12,Cattle Tank South,SE,1330,amarpalm
10.14.12,Cattle Tank South,SE,1340,amarpalm
10.14.12,Cattle Tank South,SE,1350,dirt
10.14.12,Cattle Tank South,SE,1360,dirt
10.14.12,Cattle Tank South,SE,1370,dirt
10.14.12,Cattle Tank South,SE,1380,dirt
10.14.12,Cattle Tank South,SE,1390,amarpalm
10.14.12,Cattle Tank South,SE,1400,amarpalm
10.14.12,Cattle Tank South,SE,1410,amarpalm
10.14.12,Cattle Tank South,SE,1420,rock
10.14.12,Cattle Tank South,SE,1430,dirt
10.14.12,Cattle Tank South,SE,1440,amarpalm
10.14.12,Cattle Tank South,SE,1450,dirt
10.14.12,Cattle Tank South,SE,1460,dirt
10.14.12,Cattle Tank South,SE,1470,dirt
10.14.12,Cattle Tank South,SE,1480,dirt
10.14.12,Cattle Tank South,SE,1490,dirt
10.14.12,Cattle Tank South,SE,1500,dirt
10.14.12,Cattle Tank South,SE,1510,dirt
10.14.12,Cattle Tank South,SE,1520,dirt
10.14.12,Cattle Tank South,SE,1530,dirt
10.14.12,Cattle Tank South,SE,1540,dirt
10.14.12,Cattle Tank South,SE,1550,dirt
10.14.12,Cattle Tank South,SE,1560,dirt
10.14.12,Cattle Tank South,SE,1570,dirt
10.14.12,Cattle Tank South,SE,1580,dirt
10.14.12,Cattle Tank South,SE,1590,amarpalm
10.14.12,Cattle Tank South,SE,1600,dirt
10.14.12,Cattle Tank South,SE,1610,amarpalm
10.14.12,Cattle Tank South,SE,1620,amarpalm
10.14.12,Cattle Tank South,SE,1630,amarpalm
10.14.12,Cattle Tank South,SE,1640,amarpalm
10.14.12,Cattle Tank South,SE,1650,dirt
10.14.12,Cattle Tank South,SE,1660,dirt
10.14.12,Cattle Tank South,SE,1670,dirt
10.14.12,Cattle Tank South,SE,1680,dirt
10.14.12,Cattle Tank South,SE,1690,dirt
10.14.12,Cattle Tank South,SE,1700,dirt
10.14.12,Cattle Tank South,SE,1710,dirt
10.14.12,Cattle Tank South,SE,1720,dirt
10.14.12,Cattle Tank South,SE,1730,dirt
10.14.12,Cattle Tank South,SE,1740,dirt
10.14.12,Cattle Tank South,SE,1750,dirt
10.14.12,Cattle Tank South,SE,1760,dirt
10.14.12,Cattle Tank South,SE,1770,dirt
10.14.12,Cattle Tank South,SE,1780,dirt
10.14.12,Cattle Tank South,SE,1790,dirt
10.14.12,Cattle Tank South,SE,1800,amarpalm
10.14.12,Cattle Tank South,SE,1810,amarpalm
10.14.12,Cattle Tank South,SE,1820,amarpalm
10.14.12,Cattle Tank South,SE,1830,amarpalm
10.14.12,Cattle Tank South,SE,1840,amarpalm
10.14.12,Cattle Tank South,SE,1850,amarpalm
10.14.12,Cattle Tank South,SE,1860,paniariz
10.14.12,Cattle Tank South,SE,1870,muhlport
10.14.12,Cattle Tank South,SE,1880,muhlport
10.14.12,Cattle Tank South,SE,1890,muhlport
10.14.12,Cattle Tank South,SE,1890,paniariz
10.14.12,Cattle Tank South,SE,1900,muhlport
10.14.12,Cattle Tank South,SE,1910,muhlport
10.14.12,Cattle Tank South,SE,1910,paniariz
10.14.12,Cattle Tank South,SE,1920,paniariz
10.14.12,Cattle Tank South,SE,1930,paniariz
10.14.12,Cattle Tank South,SE,1940,paniariz
10.14.12,Cattle Tank South,SE,1950,paniariz
10.14.12,Cattle Tank South,SE,1960,paniariz
10.14.12,Cattle Tank South,SE,1970,paniariz
10.14.12,Cattle Tank South,SE,1980,paniariz
10.14.12,Cattle Tank South,SE,1990,paniariz
10.14.12,Cattle Tank South,SE,2000,paniariz
10.14.12,Cattle Tank South,SE,2010,chlovirg
10.14.12,Cattle Tank South,SE,2020,amarpalm
10.14.12,Cattle Tank South,SE,2020,chlovirg
10.14.12,Cattle Tank South,SE,2020,paniariz
10.14.12,Cattle Tank South,SE,2030,amarpalm
10.14.12,Cattle Tank South,SE,2030,paniariz
10.14.12,Cattle Tank South,SE,2040,eraginte
10.14.12,Cattle Tank South,SE,2040,paniariz
10.14.12,Cattle Tank South,SE,2050,paniariz
10.14.12,Cattle Tank South,SE,2060,paniariz
10.14.12,Cattle Tank South,SE,2070,chlovirg
10.14.12,Cattle Tank South,SE,2070,paniariz
10.14.12,Cattle Tank South,SE,2080,chlovirg
10.14.12,Cattle Tank South,SE,2080,paniariz
10.14.12,Cattle Tank South,SE,2090,paniariz
10.14.12,Cattle Tank South,SE,2100,paniariz
10.14.12,Cattle Tank South,SE,2110,chlovirg
10.14.12,Cattle Tank South,SE,2110,sarahsgrass
10.14.12,Cattle Tank South,SE,2120,sarahsgrass
10.14.12,Cattle Tank South,SE,2130,sarahsgrass
10.14.12,Cattle Tank South,SE,2140,sarahsgrass
10.14.12,Cattle Tank South,SE,2150,sarahsgrass
10.14.12,Cattle Tank South,SE,2160,sarahsgrass
10.14.12,Cattle Tank South,SE,2170,sarahsgrass
10.14.12,Cattle Tank South,SE,2180,chlovirg
10.14.12,Cattle Tank South,SE,2180,sarahsgrass
10.14.12,Cattle Tank South,SE,2190,sarahsgrass
10.14.12,Cattle Tank South,SE,2200,sarahsgrass
10.14.12,Cattle Tank South,SE,2210,sarahsgrass
10.14.12,Cattle Tank South,SE,2220,eraginte
10.14.12,Cattle Tank South,SE,2220,sarahsgrass
10.14.12,Cattle Tank South,SE,2230,sarahsgrass
10.14.12,Cattle Tank South,SE,2240,sarahsgrass
10.14.12,Cattle Tank South,SE,2250,sarahsgrass
10.14.12,Cattle Tank South,SE,2260,sarahsgrass
10.14.12,Cattle Tank South,SE,2270,sarahsgrass
10.14.12,Cattle Tank South,SE,2280,sarahsgrass
10.14.12,Cattle Tank South,SE,2290,sarahsgrass
10.14.12,Cattle Tank South,SE,2300,sarahsgrass
10.14.12,Cattle Tank South,SE,2310,sarahsgrass
10.14.12,Cattle Tank South,SE,2320,sarahsgrass
10.14.12,Cattle Tank South,SE,2330,sarahsgrass
10.14.12,Cattle Tank South,SE,2340,sarahsgrass
10.14.12,Cattle Tank South,SE,2350,sarahsgrass
10.14.12,Cattle Tank South,SE,2360,sarahsgrass
10.14.12,Cattle Tank South,SE,2370,sarahsgrass
10.14.12,Cattle Tank South,SE,2380,sarahsgrass
10.14.12,Cattle Tank South,SE,2390,sarahsgrass
10.14.12,Cattle Tank South,SE,2400,sarahsgrass
10.14.12,Cattle Tank South,SE,2410,sarahsgrass
10.14.12,Cattle Tank South,SE,2420,sarahsgrass
10.14.12,Cattle Tank South,SE,2430,sarahsgrass
10.14.12,Cattle Tank South,SE,2440,sarahsgrass
10.14.12,Cattle Tank South,SE,2450,sarahsgrass
10.14.12,Cattle Tank South,SE,2460,sarahsgrass
10.14.12,Cattle Tank South,SE,2470,sarahsgrass
10.14.12,Cattle Tank South,SE,2480,sarahsgrass
10.14.12,Cattle Tank South,SE,2490,sarahsgrass
10.14.12,Cattle Tank South,SE,2500,sarahsgrass
10.14.12,Cattle Tank South,SW,10,boutbarb
10.14.12,Cattle Tank South,SW,20,amarpalm
10.14.12,Cattle Tank South,SW,20,boutbarb
10.14.12,Cattle Tank South,SW,30,amarpalm
10.14.12,Cattle Tank South,SW,30,chlovirg
10.14.12,Cattle Tank South,SW,40,amarpalm
10.14.12,Cattle Tank South,SW,40,chlovirg
10.14.12,Cattle Tank South,SW,50,amarpalm
10.14.12,Cattle Tank South,SW,50,boutbarb
10.14.12,Cattle Tank South,SW,60,amarpalm
10.14.12,Cattle Tank South,SW,60,boutbarb
10.14.12,Cattle Tank South,SW,60,sidaspin
10.14.12,Cattle Tank South,SW,70,amarpalm
10.14.12,Cattle Tank South,SW,70,boutbarb
10.14.12,Cattle Tank South,SW,80,sidaspin
10.14.12,Cattle Tank South,SW,90,dirt
10.14.12,Cattle Tank South,SW,100,sidaspin
10.14.12,Cattle Tank South,SW,110,acaccons
10.14.12,Cattle Tank South,SW,120,acaccons
10.14.12,Cattle Tank South,SW,130,amarpalm
10.14.12,Cattle Tank South,SW,140,amarpalm
10.14.12,Cattle Tank South,SW,150,amarpalm
10.14.12,Cattle Tank South,SW,160,amarpalm
10.14.12,Cattle Tank South,SW,170,dirt
10.14.12,Cattle Tank South,SW,180,dirt
10.14.12,Cattle Tank South,SW,190,amarpalm
10.14.12,Cattle Tank South,SW,200,amarpalm
10.14.12,Cattle Tank South,SW,210,dirt
10.14.12,Cattle Tank South,SW,220,amarpalm
10.14.12,Cattle Tank South,SW,230,amarpalm
10.14.12,Cattle Tank South,SW,230,eraginte
10.14.12,Cattle Tank South,SW,240,amarpalm
10.14.12,Cattle Tank South,SW,240,eraginte
10.14.12,Cattle Tank South,SW,250,amarpalm
10.14.12,Cattle Tank South,SW,250,eraginte
10.14.12,Cattle Tank South,SW,260,amarpalm
10.14.12,Cattle Tank South,SW,270,amarpalm
10.14.12,Cattle Tank South,SW,280,amarpalm
10.14.12,Cattle Tank South,SW,290,dirt
10.14.12,Cattle Tank South,SW,300,dirt
10.14.12,Cattle Tank South,SW,310,dirt
10.14.12,Cattle Tank South,SW,320,dirt
10.14.12,Cattle Tank South,SW,330,dirt
10.14.12,Cattle Tank South,SW,340,amarpalm
10.14.12,Cattle Tank South,SW,350,amarpalm
10.14.12,Cattle Tank South,SW,360,amarpalm
10.14.12,Cattle Tank South,SW,370,dirt
10.14.12,Cattle Tank South,SW,380,dirt
10.14.12,Cattle Tank South,SW,390,dirt
10.14.12,Cattle Tank South,SW,400,dirt
10.14.12,Cattle Tank South,SW,410,dirt
10.14.12,Cattle Tank South,SW,420,dirt
10.14.12,Cattle Tank South,SW,430,dirt
10.14.12,Cattle Tank South,SW,440,boertorr
10.14.12,Cattle Tank South,SW,450,dirt
10.14.12,Cattle Tank South,SW,460,dirt
10.14.12,Cattle Tank South,SW,470,dirt
10.14.12,Cattle Tank South,SW,480,dirt
10.14.12,Cattle Tank South,SW,490,dirt
10.14.12,Cattle Tank South,SW,500,dirt
10.14.12,Cattle Tank South,SW,510,dirt
10.14.12,Cattle Tank South,SW,520,dirt
10.14.12,Cattle Tank South,SW,530,dirt
10.14.12,Cattle Tank South,SW,540,dirt
10.14.12,Cattle Tank South,SW,550,dirt
10.14.12,Cattle Tank South,SW,560,dirt
10.14.12,Cattle Tank South,SW,570,amarpalm
10.14.12,Cattle Tank South,SW,580,acaccons
10.14.12,Cattle Tank South,SW,590,acaccons
10.14.12,Cattle Tank South,SW,590,amarpalm
10.14.12,Cattle Tank South,SW,600,acaccons
10.14.12,Cattle Tank South,SW,610,acaccons
10.14.12,Cattle Tank South,SW,620,acaccons
10.14.12,Cattle Tank South,SW,620,amarpalm
10.14.12,Cattle Tank South,SW,630,acaccons
10.14.12,Cattle Tank South,SW,630,amarpalm
10.14.12,Cattle Tank South,SW,640,acaccons
10.14.12,Cattle Tank South,SW,650,acaccons
10.14.12,Cattle Tank South,SW,660,acaccons
10.14.12,Cattle Tank South,SW,670,acaccons
10.14.12,Cattle Tank South,SW,680,acaccons
10.14.12,Cattle Tank South,SW,690,dirt
10.14.12,Cattle Tank South,SW,700,dirt
10.14.12,Cattle Tank South,SW,710,dirt
10.14.12,Cattle Tank South,SW,720,acaccons
10.14.12,Cattle Tank South,SW,730,acaccons
10.14.12,Cattle Tank South,SW,740,acaccons
10.14.12,Cattle Tank South,SW,750,acaccons
10.14.12,Cattle Tank South,SW,760,acaccons
10.14.12,Cattle Tank South,SW,770,acaccons
10.14.12,Cattle Tank South,SW,770,amarpalm
10.14.12,Cattle Tank South,SW,780,acaccons
10.14.12,Cattle Tank South,SW,790,dirt
10.14.12,Cattle Tank South,SW,800,acaccons
10.14.12,Cattle Tank South,SW,810,acaccons
10.14.12,Cattle Tank South,SW,820,acaccons
10.14.12,Cattle Tank South,SW,830,acaccons
10.14.12,Cattle Tank South,SW,830,amarpalm
10.14.12,Cattle Tank South,SW,840,acaccons
10.14.12,Cattle Tank South,SW,840,amarpalm
10.14.12,Cattle Tank South,SW,850,acaccons
10.14.12,Cattle Tank South,SW,850,amarpalm
10.14.12,Cattle Tank South,SW,860,acaccons
10.14.12,Cattle Tank South,SW,860,amarpalm
10.14.12,Cattle Tank South,SW,870,acaccons
10.14.12,Cattle Tank South,SW,870,amarpalm
10.14.12,Cattle Tank South,SW,880,acaccons
10.14.12,Cattle Tank South,SW,880,chlovirg
10.14.12,Cattle Tank South,SW,890,acaccons
10.14.12,Cattle Tank South,SW,890,amarpalm
10.14.12,Cattle Tank South,SW,900,amarpalm
10.14.12,Cattle Tank South,SW,910,dirt
10.14.12,Cattle Tank South,SW,920,dirt
10.14.12,Cattle Tank South,SW,930,dirt
10.14.12,Cattle Tank South,SW,940,dirt
10.14.12,Cattle Tank South,SW,950,amarpalm
10.14.12,Cattle Tank South,SW,960,cowpie
10.14.12,Cattle Tank South,SW,970,amarpalm
10.14.12,Cattle Tank South,SW,980,amarpalm
10.14.12,Cattle Tank South,SW,990,amarpalm
10.14.12,Cattle Tank South,SW,1000,chlovirg
10.14.12,Cattle Tank South,SW,1010,amarpalm
10.14.12,Cattle Tank South,SW,1010,chlovirg
10.14.12,Cattle Tank South,SW,1020,dirt
10.14.12,Cattle Tank South,SW,1030,amarpalm
10.14.12,Cattle Tank South,SW,1030,boertorr
10.14.12,Cattle Tank South,SW,1040,amarpalm
10.14.12,Cattle Tank South,SW,1040,boertorr
10.14.12,Cattle Tank South,SW,1050,boertorr
10.14.12,Cattle Tank South,SW,1060,dirt
10.14.12,Cattle Tank South,SW,1070,dirt
10.14.12,Cattle Tank South,SW,1080,dirt
10.14.12,Cattle Tank South,SW,1090,dirt
10.14.12,Cattle Tank South,SW,1100,acaccons
10.14.12,Cattle Tank South,SW,1110,dirt
10.14.12,Cattle Tank South,SW,1120,acaccons
10.14.12,Cattle Tank South,SW,1130,acaccons
10.14.12,Cattle Tank South,SW,1140,dirt
10.14.12,Cattle Tank South,SW,1150,dirt
10.14.12,Cattle Tank South,SW,1160,dirt
10.14.12,Cattle Tank South,SW,1170,dirt
10.14.12,Cattle Tank South,SW,1180,dirt
10.14.12,Cattle Tank South,SW,1190,dirt
10.14.12,Cattle Tank South,SW,1200,dirt
10.14.12,Cattle Tank South,SW,1210,amarpalm
10.14.12,Cattle Tank South,SW,1220,dirt
10.14.12,Cattle Tank South,SW,1230,dirt
10.14.12,Cattle Tank South,SW,1240,dirt
10.14.12,Cattle Tank South,SW,1250,dirt
10.14.12,Cattle Tank South,SW,1260,dirt
10.14.12,Cattle Tank South,SW,1270,dirt
10.14.12,Cattle Tank South,SW,1280,dirt
10.14.12,Cattle Tank South,SW,1290,dirt
10.14.12,Cattle Tank South,SW,1300,amarpalm
10.14.12,Cattle Tank South,SW,1310,amarpalm
10.14.12,Cattle Tank South,SW,1320,amarpalm
10.14.12,Cattle Tank South,SW,1330,dirt
10.14.12,Cattle Tank South,SW,1340,amarpalm
10.14.12,Cattle Tank South,SW,1350,amarpalm
10.14.12,Cattle Tank South,SW,1350,boertorr
10.14.12,Cattle Tank South,SW,1360,amarpalm
10.14.12,Cattle Tank South,SW,1370,dirt
10.14.12,Cattle Tank South,SW,1380,amarpalm
10.14.12,Cattle Tank South,SW,1390,dirt
10.14.12,Cattle Tank South,SW,1400,amarpalm
10.14.12,Cattle Tank South,SW,1410,amarpalm
10.14.12,Cattle Tank South,SW,1420,amarpalm
10.14.12,Cattle Tank South,SW,1430,amarpalm
10.14.12,Cattle Tank South,SW,1440,dirt
10.14.12,Cattle Tank South,SW,1450,dirt
10.14.12,Cattle Tank South,SW,1460,amarpalm
10.14.12,Cattle Tank South,SW,1470,amarpalm
10.14.12,Cattle Tank South,SW,1480,dirt
10.14.12,Cattle Tank South,SW,1490,dirt
10.14.12,Cattle Tank South,SW,1500,dirt
10.14.12,Cattle Tank South,SW,1510,amarpalm
10.14.12,Cattle Tank South,SW,1520,amarpalm
10.14.12,Cattle Tank South,SW,1530,amarpalm
10.14.12,Cattle Tank South,SW,1530,paniariz
10.14.12,Cattle Tank South,SW,1540,amarpalm
10.14.12,Cattle Tank South,SW,1540,paniariz
10.14.12,Cattle Tank South,SW,1550,acaccons
10.14.12,Cattle Tank South,SW,1560,acaccons
10.14.12,Cattle Tank South,SW,1570,acaccons
10.14.12,Cattle Tank South,SW,1580,acaccons
10.14.12,Cattle Tank South,SW,1590,acaccons
10.14.12,Cattle Tank South,SW,1590,amarpalm
10.14.12,Cattle Tank South,SW,1600,acaccons
10.14.12,Cattle Tank South,SW,1600,amarpalm
10.14.12,Cattle Tank South,SW,1610,acaccons
10.14.12,Cattle Tank South,SW,1620,acaccons
10.14.12,Cattle Tank South,SW,1630,acaccons
10.14.12,Cattle Tank South,SW,1640,acaccons
10.14.12,Cattle Tank South,SW,1640,amarpalm
10.14.12,Cattle Tank South,SW,1650,acaccons
10.14.12,Cattle Tank South,SW,1650,amarpalm
10.14.12,Cattle Tank South,SW,1660,acaccons
10.14.12,Cattle Tank South,SW,1660,amarpalm
10.14.12,Cattle Tank South,SW,1670,acaccons
10.14.12,Cattle Tank South,SW,1670,amarpalm
10.14.12,Cattle Tank South,SW,1680,acaccons
10.14.12,Cattle Tank South,SW,1680,amarpalm
10.14.12,Cattle Tank South,SW,1690,acaccons
10.14.12,Cattle Tank South,SW,1690,amarpalm
10.14.12,Cattle Tank South,SW,1700,acaccons
10.14.12,Cattle Tank South,SW,1700,amarpalm
10.14.12,Cattle Tank South,SW,1710,acaccons
10.14.12,Cattle Tank South,SW,1720,dirt
10.14.12,Cattle Tank South,SW,1730,acaccons
10.14.12,Cattle Tank South,SW,1730,amarpalm
10.14.12,Cattle Tank South,SW,1740,acaccons
10.14.12,Cattle Tank South,SW,1740,amarpalm
10.14.12,Cattle Tank South,SW,1750,acaccons
10.14.12,Cattle Tank South,SW,1760,acaccons
10.14.12,Cattle Tank South,SW,1770,acaccons
10.14.12,Cattle Tank South,SW,1780,acaccons
10.14.12,Cattle Tank South,SW,1790,amarpalm
10.14.12,Cattle Tank South,SW,1790,amarpalm
10.14.12,Cattle Tank South,SW,1800,acaccons
10.14.12,Cattle Tank South,SW,1810,acaccons
10.14.12,Cattle Tank South,SW,1820,acaccons
10.14.12,Cattle Tank South,SW,1830,acaccons
10.14.12,Cattle Tank South,SW,1840,acaccons
10.14.12,Cattle Tank South,SW,1840,thisgrass
10.14.12,Cattle Tank South,SW,1850,amarpalm
10.14.12,Cattle Tank South,SW,1850,thisgrass
10.14.12,Cattle Tank South,SW,1860,chlovirg
10.14.12,Cattle Tank South,SW,1860,thisgrass
10.14.12,Cattle Tank South,SW,1870,thisgrass
10.14.12,Cattle Tank South,SW,1880,thisgrass
10.14.12,Cattle Tank South,SW,1890,thisgrass
10.14.12,Cattle Tank South,SW,1900,amarpalm
10.14.12,Cattle Tank South,SW,1900,thisgrass
10.14.12,Cattle Tank South,SW,1910,amarpalm
10.14.12,Cattle Tank South,SW,1910,chlovirg
10.14.12,Cattle Tank South,SW,1920,amarpalm
10.14.12,Cattle Tank South,SW,1920,chlovirg
10.14.12,Cattle Tank South,SW,1930,chlovirg
10.14.12,Cattle Tank South,SW,1940,acaccons
10.14.12,Cattle Tank South,SW,1940,amarpalm
10.14.12,Cattle Tank South,SW,1940,chlovirg
10.14.12,Cattle Tank South,SW,1950,acaccons
10.14.12,Cattle Tank South,SW,1950,chlovirg
10.14.12,Cattle Tank South,SW,1960,amarpalm
10.14.12,Cattle Tank South,SW,1970,amarpalm
10.14.12,Cattle Tank South,SW,1980,dirt
10.14.12,Cattle Tank South,SW,1990,paniariz
10.14.12,Cattle Tank South,SW,2000,paniariz
10.14.12,Cattle Tank South,SW,2010,dirt
10.14.12,Cattle Tank South,SW,2020,amarpalm
10.14.12,Cattle Tank South,SW,2030,amarpalm
10.14.12,Cattle Tank South,SW,2040,amarpalm
10.14.12,Cattle Tank South,SW,2050,acacgreg
10.14.12,Cattle Tank South,SW,2050,amarpalm
10.14.12,Cattle Tank South,SW,2060,acacgreg
10.14.12,Cattle Tank South,SW,2060,amarpalm
10.14.12,Cattle Tank South,SW,2070,acacgreg
10.14.12,Cattle Tank South,SW,2080,acacgreg
10.14.12,Cattle Tank South,SW,2080,chlovirg
10.14.12,Cattle Tank South,SW,2090,acacgreg
10.14.12,Cattle Tank South,SW,2090,amarpalm
10.14.12,Cattle Tank South,SW,2100,acacgreg
10.14.12,Cattle Tank South,SW,2110,acacgreg
10.14.12,Cattle Tank South,SW,2110,eragcili
10.14.12,Cattle Tank South,SW,2120,acacgreg
10.14.12,Cattle Tank South,SW,2120,amarpalm
10.14.12,Cattle Tank South,SW,2130,dirt
10.14.12,Cattle Tank South,SW,2140,acacgreg
10.14.12,Cattle Tank South,SW,2140,eraginte
10.14.12,Cattle Tank South,SW,2150,amarpalm
10.14.12,Cattle Tank South,SW,2160,acaccons
10.14.12,Cattle Tank South,SW,2160,acacgreg
10.14.12,Cattle Tank South,SW,2160,amarpalm
10.14.12,Cattle Tank South,SW,2170,acaccons
10.14.12,Cattle Tank South,SW,2170,acacgreg
10.14.12,Cattle Tank South,SW,2170,amarpalm
10.14.12,Cattle Tank South,SW,2180,acaccons
10.14.12,Cattle Tank South,SW,2180,acacgreg
10.14.12,Cattle Tank South,SW,2190,acaccons
10.14.12,Cattle Tank South,SW,2190,acacgreg
10.14.12,Cattle Tank South,SW,2190,amarpalm
10.14.12,Cattle Tank South,SW,2200,acaccons
10.14.12,Cattle Tank South,SW,2200,acacgreg
10.14.12,Cattle Tank South,SW,2210,acaccons
10.14.12,Cattle Tank South,SW,2210,acacgreg
10.14.12,Cattle Tank South,SW,2220,acaccons
10.14.12,Cattle Tank South,SW,2220,amarpalm
10.14.12,Cattle Tank South,SW,2230,acaccons
10.14.12,Cattle Tank South,SW,2240,dirt
10.14.12,Cattle Tank South,SW,2250,chlovirg
10.14.12,Cattle Tank South,SW,2250,eraglehm
10.14.12,Cattle Tank South,SW,2260,amarpalm
10.14.12,Cattle Tank South,SW,2260,chlovirg
10.14.12,Cattle Tank South,SW,2260,eraglehm
10.14.12,Cattle Tank South,SW,2270,acaccons
10.14.12,Cattle Tank South,SW,2270,chlovirg
10.14.12,Cattle Tank South,SW,2280,acaccons
10.14.12,Cattle Tank South,SW,2280,amarpalm
10.14.12,Cattle Tank South,SW,2280,amarpalm
10.14.12,Cattle Tank South,SW,2280,chlovirg
10.14.12,Cattle Tank South,SW,2290,acaccons
10.14.12,Cattle Tank South,SW,2290,chlovirg
10.14.12,Cattle Tank South,SW,2300,acaccons
10.14.12,Cattle Tank South,SW,2300,chlovirg
10.14.12,Cattle Tank South,SW,2310,chlovirg
10.14.12,Cattle Tank South,SW,2320,chlovirg
10.14.12,Cattle Tank South,SW,2330,chlovirg
10.14.12,Cattle Tank South,SW,2340,chlovirg
10.14.12,Cattle Tank South,SW,2350,chlovirg
10.14.12,Cattle Tank South,SW,2360,chlovirg
10.14.12,Cattle Tank South,SW,2370,chlovirg
10.14.12,Cattle Tank South,SW,2380,chlovirg
10.14.12,Cattle Tank South,SW,2390,chlovirg
10.14.12,Cattle Tank South,SW,2400,chlovirg
10.14.12,Cattle Tank South,SW,2410,chlovirg
10.14.12,Cattle Tank South,SW,2420,chlovirg
10.14.12,Cattle Tank South,SW,2430,chlovirg
10.14.12,Cattle Tank South,SW,2440,chlovirg
10.14.12,Cattle Tank South,SW,2450,chlovirg
10.14.12,Cattle Tank South,SW,2460,chlovirg
10.14.12,Cattle Tank South,SW,2470,chlovirg
10.14.12,Cattle Tank South,SW,2480,chlovirg
10.14.12,Cattle Tank South,SW,2490,acaccons
10.14.12,Cattle Tank South,SW,2490,chlovirg
10.14.12,Cattle Tank South,SW,2500,acaccons
10.14.12,Cattle Tank South,SW,2500,chlovirg
